<?xml version="1.0" encoding="utf-8"?>
<Diagnostics
  GenerationTime="2022-07-15T18:18:44.6550959+00:00">
  <Items>
    <Diagnostic>
      <DiagnosticType>Compile</DiagnosticType>
      <Severity>Error</Severity>
      <Path>dynamics://Class/IntercompanyPRSalesParmUpdate_Extension</Path>
      <ElementType>Class</ElementType>
      <Moniker>ModelElementWithUnparsableSource</Moniker>
      <Line>0</Line>
      <Column>0</Column>
      <Message>The model element was saved with unparsable source code and cannot be used. Please edit the element in Visual Studio to fix the errors.</Message>
    </Diagnostic>
  </Items>
  <Aliases />
</Diagnostics>