<?xml version="1.0" encoding="utf-8"?>
<Diagnostics
  GenerationTime="2022-07-18T07:29:55.081957+00:00">
  <Items>
    <Diagnostic>
      <DiagnosticType>ExternalReference</DiagnosticType>
      <Severity>Warning</Severity>
      <Path>dynamics://Reference/Azure.Core</Path>
      <Moniker>AssemblyFileNotFound</Moniker>
      <Message>Assembly 'Azure.Core, Version=1.15.0.0, Culture=neutral, PublicKeyToken=92742159e12e44c8' failed to load because it was not found.</Message>
    </Diagnostic>
    <Diagnostic>
      <DiagnosticType>ExternalReference</DiagnosticType>
      <Severity>Warning</Severity>
      <Path>dynamics://Reference/Azure.Storage.Blobs</Path>
      <Moniker>AssemblyFileNotFound</Moniker>
      <Message>Assembly 'Azure.Core, Version=1.15.0.0, Culture=neutral, PublicKeyToken=92742159e12e44c8' failed to load because it was not found.</Message>
    </Diagnostic>
  </Items>
  <Aliases />
</Diagnostics>