<?xml version="1.0" encoding="utf-8"?>
<Diagnostics
  GenerationTime="2022-07-18T07:29:25.5092565+00:00">
  <Items>
    <Diagnostic>
      <DiagnosticType>VisualStudioIntegration</DiagnosticType>
      <Severity>Informational</Severity>
      <Path>K:\AosService\PackagesLocalDirectory\bin\labelc.exe</Path>
      <Moniker>K:\AosService\PackagesLocalDirectory\bin\labelc.exe -metadata="K:\AosService\PackagesLocalDirectory" -output="K:\AosService\PackagesLocalDirectory\IntercompanyPR\Resources" -modelmodule="IntercompanyPR" </Moniker>
      <Message>K:\AosService\PackagesLocalDirectory\bin\labelc.exe -metadata="K:\AosService\PackagesLocalDirectory" -output="K:\AosService\PackagesLocalDirectory\IntercompanyPR\Resources" -modelmodule="IntercompanyPR" </Message>
    </Diagnostic>
    <Diagnostic>
      <DiagnosticType>Unspecified</DiagnosticType>
      <Severity>Informational</Severity>
      <Path>labelc.exe</Path>
      <Moniker>Starting label compilation...</Moniker>
      <Message>Starting label compilation...</Message>
    </Diagnostic>
    <Diagnostic>
      <DiagnosticType>Unspecified</DiagnosticType>
      <Severity>Informational</Severity>
      <Path>labelc.exe</Path>
      <Moniker>- Module name    </Moniker>
      <Message>IntercompanyPR</Message>
    </Diagnostic>
    <Diagnostic>
      <DiagnosticType>Unspecified</DiagnosticType>
      <Severity>Informational</Severity>
      <Path>labelc.exe</Path>
      <Moniker>- Metadata path  </Moniker>
      <Message>K:\AosService\PackagesLocalDirectory\</Message>
    </Diagnostic>
    <Diagnostic>
      <DiagnosticType>Unspecified</DiagnosticType>
      <Severity>Informational</Severity>
      <Path>labelc.exe</Path>
      <Moniker>- Output path    </Moniker>
      <Message>K:\AosService\PackagesLocalDirectory\IntercompanyPR\Resources\</Message>
    </Diagnostic>
    <Diagnostic>
      <DiagnosticType>Unspecified</DiagnosticType>
      <Severity>Informational</Severity>
      <Path>labelc.exe</Path>
      <Moniker>- Maximum DoP    </Moniker>
      <Message>0 (Logical Processors: 8)</Message>
    </Diagnostic>
    <Diagnostic>
      <DiagnosticType>Unspecified</DiagnosticType>
      <Severity>Informational</Severity>
      <Path>labelc.exe</Path>
      <Moniker>Compiling Primary Resource file for en_US</Moniker>
      <Message>Compiling Primary Resource file for en_US</Message>
    </Diagnostic>
    <Diagnostic>
      <DiagnosticType>Unspecified</DiagnosticType>
      <Severity>Informational</Severity>
      <Path>labelc.exe</Path>
      <Moniker>Generating Primary resource assembly for en_US</Moniker>
      <Message>Generating Primary resource assembly for en_US</Message>
    </Diagnostic>
    <Diagnostic>
      <DiagnosticType>Unspecified</DiagnosticType>
      <Severity>Informational</Severity>
      <Path>labelc.exe</Path>
      <Moniker>Compiling label file en_US for language en-US</Moniker>
      <Message>Compiling label file en_US for language en-US</Message>
    </Diagnostic>
    <Diagnostic>
      <DiagnosticType>Unspecified</DiagnosticType>
      <Severity>Informational</Severity>
      <Path>labelc.exe</Path>
      <Moniker>Generating satellite resource assembly for label file en_US, language en-US</Moniker>
      <Message>Generating satellite resource assembly for label file en_US, language en-US</Message>
    </Diagnostic>
    <Diagnostic>
      <DiagnosticType>Unspecified</DiagnosticType>
      <Severity>Informational</Severity>
      <Path>labelc.exe</Path>
      <Moniker>Done compiling 1 label files!</Moniker>
      <Message>Done compiling 1 label files!</Message>
    </Diagnostic>
    <Diagnostic>
      <DiagnosticType>Unspecified</DiagnosticType>
      <Severity>Informational</Severity>
      <Path>labelc.exe</Path>
      <Moniker>Completed label compilation in 3 seconds with exit code 0.</Moniker>
      <Message>Completed label compilation in 3 seconds with exit code 0.</Message>
    </Diagnostic>
  </Items>
  <Aliases />
</Diagnostics>