<?xml version="1.0" encoding="utf-8"?>
<z:anyType xmlns:i="http://www.w3.org/2001/XMLSchema-instance" xmlns=""
	i:type="AxCompilerMetadata" xmlns:z="http://schemas.microsoft.com/2003/10/Serialization/">
	<IsFinal>true</IsFinal>
	<IsInternal>true</IsInternal>
	<Members>
		<AxClassMemberVariable>
			<Tags></Tags>
			<Type>Enum</Type>
			<TypeName>boolean</TypeName>
			<Name>IsOkClicked</Name>
			<Attributes />
			<IsStatic>true</IsStatic>
			<Visibility>Public</Visibility>
		</AxClassMemberVariable>
	</Members>
	<Methods>
		<Method>
			<Name>SalesParamUpdate_GenerateIntercompanyProductReceipt_OnModified</Name>
			<IsStatic>true</IsStatic>
			<Visibility>Public</Visibility>
			<Attributes>
				<AxAttribute>
					<Name>FormControlEventHandler</Name>
					<Parameters>
						<AxAttributeParameter>
							<Type>Intrinsic</Type>
							<TypeValue>formControlStr</TypeValue>
							<AdditionalData>
								<AxAttributeParameter>
									<TypeValue>SalesEditLines</TypeValue>
									<AdditionalData />
								</AxAttributeParameter>
								<AxAttributeParameter>
									<TypeValue>SalesParamUpdate_GenerateIntercompanyProductReceipt</TypeValue>
									<AdditionalData />
								</AxAttributeParameter>
								<AxAttributeParameter>
									<AdditionalData />
								</AxAttributeParameter>
							</AdditionalData>
						</AxAttributeParameter>
						<AxAttributeParameter>
							<Type>Enum</Type>
							<TypeValue>FormControlEventType</TypeValue>
							<AdditionalData>
								<AxAttributeParameter>
									<TypeValue>Modified</TypeValue>
									<AdditionalData />
								</AxAttributeParameter>
							</AdditionalData>
						</AxAttributeParameter>
					</Parameters>
				</AxAttribute>
				<AxAttribute>
					<Name>SuppressBPWarning</Name>
					<Parameters>
						<AxAttributeParameter>
							<TypeValue>"BPParameterNotUsed"</TypeValue>
							<AdditionalData />
						</AxAttributeParameter>
						<AxAttributeParameter>
							<TypeValue>"Parameter required by the event interface"</TypeValue>
							<AdditionalData />
						</AxAttributeParameter>
					</Parameters>
				</AxAttribute>
			</Attributes>
			<Parameters>
				<AxMethodParameter>
					<Tags></Tags>
					<Type>Class</Type>
					<TypeName>FormControl</TypeName>
					<Name>sender</Name>
				</AxMethodParameter>
				<AxMethodParameter>
					<Tags></Tags>
					<Type>Class</Type>
					<TypeName>FormControlEventArgs</TypeName>
					<Name>e</Name>
				</AxMethodParameter>
			</Parameters>
			<ReturnType>
				<Tags></Tags>
				<TypeName></TypeName>
			</ReturnType>
		</Method>
		<Method>
			<Name>SalesParmTable_OnActivated</Name>
			<IsStatic>true</IsStatic>
			<Visibility>Public</Visibility>
			<Attributes>
				<AxAttribute>
					<Name>FormDataSourceEventHandler</Name>
					<Parameters>
						<AxAttributeParameter>
							<Type>Intrinsic</Type>
							<TypeValue>formDataSourceStr</TypeValue>
							<AdditionalData>
								<AxAttributeParameter>
									<TypeValue>SalesEditLines</TypeValue>
									<AdditionalData />
								</AxAttributeParameter>
								<AxAttributeParameter>
									<TypeValue>SalesParmTable</TypeValue>
									<AdditionalData />
								</AxAttributeParameter>
								<AxAttributeParameter>
									<AdditionalData />
								</AxAttributeParameter>
							</AdditionalData>
						</AxAttributeParameter>
						<AxAttributeParameter>
							<Type>Enum</Type>
							<TypeValue>FormDataSourceEventType</TypeValue>
							<AdditionalData>
								<AxAttributeParameter>
									<TypeValue>Activated</TypeValue>
									<AdditionalData />
								</AxAttributeParameter>
							</AdditionalData>
						</AxAttributeParameter>
					</Parameters>
				</AxAttribute>
				<AxAttribute>
					<Name>SuppressBPWarning</Name>
					<Parameters>
						<AxAttributeParameter>
							<TypeValue>"BPParameterNotUsed"</TypeValue>
							<AdditionalData />
						</AxAttributeParameter>
						<AxAttributeParameter>
							<TypeValue>"Parameter required by the event interface"</TypeValue>
							<AdditionalData />
						</AxAttributeParameter>
					</Parameters>
				</AxAttribute>
			</Attributes>
			<Parameters>
				<AxMethodParameter>
					<Tags></Tags>
					<Type>Class</Type>
					<TypeName>FormDataSource</TypeName>
					<Name>sender</Name>
				</AxMethodParameter>
				<AxMethodParameter>
					<Tags></Tags>
					<Type>Class</Type>
					<TypeName>FormDataSourceEventArgs</TypeName>
					<Name>e</Name>
				</AxMethodParameter>
			</Parameters>
			<ReturnType>
				<Tags></Tags>
				<TypeName></TypeName>
			</ReturnType>
		</Method>
		<Method>
			<Name>OK_OnClicked</Name>
			<IsStatic>true</IsStatic>
			<Visibility>Public</Visibility>
			<Attributes>
				<AxAttribute>
					<Name>FormControlEventHandler</Name>
					<Parameters>
						<AxAttributeParameter>
							<Type>Intrinsic</Type>
							<TypeValue>formControlStr</TypeValue>
							<AdditionalData>
								<AxAttributeParameter>
									<TypeValue>SalesEditLines</TypeValue>
									<AdditionalData />
								</AxAttributeParameter>
								<AxAttributeParameter>
									<TypeValue>OK</TypeValue>
									<AdditionalData />
								</AxAttributeParameter>
								<AxAttributeParameter>
									<AdditionalData />
								</AxAttributeParameter>
							</AdditionalData>
						</AxAttributeParameter>
						<AxAttributeParameter>
							<Type>Enum</Type>
							<TypeValue>FormControlEventType</TypeValue>
							<AdditionalData>
								<AxAttributeParameter>
									<TypeValue>Clicked</TypeValue>
									<AdditionalData />
								</AxAttributeParameter>
							</AdditionalData>
						</AxAttributeParameter>
					</Parameters>
				</AxAttribute>
				<AxAttribute>
					<Name>SuppressBPWarning</Name>
					<Parameters>
						<AxAttributeParameter>
							<TypeValue>"BPParameterNotUsed"</TypeValue>
							<AdditionalData />
						</AxAttributeParameter>
						<AxAttributeParameter>
							<TypeValue>"Parameter required by the event interface"</TypeValue>
							<AdditionalData />
						</AxAttributeParameter>
					</Parameters>
				</AxAttribute>
			</Attributes>
			<Parameters>
				<AxMethodParameter>
					<Tags></Tags>
					<Type>Class</Type>
					<TypeName>FormControl</TypeName>
					<Name>sender</Name>
				</AxMethodParameter>
				<AxMethodParameter>
					<Tags></Tags>
					<Type>Class</Type>
					<TypeName>FormControlEventArgs</TypeName>
					<Name>e</Name>
				</AxMethodParameter>
			</Parameters>
			<ReturnType>
				<Tags></Tags>
				<TypeName></TypeName>
			</ReturnType>
		</Method>
	</Methods>
</z:anyType>