<?xml version="1.0" encoding="utf-8"?>
<AxClass xmlns:i="http://www.w3.org/2001/XMLSchema-instance">
	<Name>IntercompanyPRSalesEditLinesEH</Name>
	<SourceCode>
		<Declaration><![CDATA[
/// <summary>
/// This is an Event Handler for SalesEditLines
/// </summary>
internal final class IntercompanyPRSalesEditLinesEH
{
    /// <summary>
    /// Boolean for checking if OK button is clicked or not
    /// </summary>
    public static boolean IsOkClicked = false;
    
}
]]></Declaration>
		<Methods>
			<Method>
				<Name>SalesParamUpdate_GenerateIntercompanyProductReceipt_OnModified</Name>
				<Source><![CDATA[
    /// <summary>
    /// Modified event when any modifications happened on GenerateIntercompanyProductReceipt field
    /// </summary>
    /// <param name="sender">form control GenerateIntercompanyProductReceipt</param>
    /// <param name="e">form event</param>
    [FormControlEventHandler(formControlStr(SalesEditLines, SalesParamUpdate_GenerateIntercompanyProductReceipt), FormControlEventType::Modified),
     SuppressBPWarning("BPParameterNotUsed", "Parameter required by the event interface")]
    public static void SalesParamUpdate_GenerateIntercompanyProductReceipt_OnModified(FormControl sender, FormControlEventArgs e)
    {
        FormDataSource     SalesParmUpdate_ds    =  sender.formRun().dataSource(formDataSourceStr(SalesEditLines,SalesParmUpdate)) as FormDataSource;
        SalesParmUpdate salesParmUpdate = SalesParmUpdate_ds.cursor();
      
        if(salesParmUpdate)
        {
            salesParmUpdate.selectForUpdate();
            ttsbegin;
            salesParmUpdate.update();
            ttscommit;
        }
    }

]]></Source>
			</Method>
			<Method>
				<Name>SalesParmTable_OnActivated</Name>
				<Source><![CDATA[
    /// <summary>
    /// Activated Even handler of SalesParamTable
    /// </summary>
    /// <param name="sender">Form SalesParamTable</param>
    /// <param name="e">Form Event</param>
    [FormDataSourceEventHandler(formDataSourceStr(SalesEditLines, SalesParmTable), FormDataSourceEventType::Activated),
     SuppressBPWarning("BPParameterNotUsed", "Parameter required by the event interface")]
    public static void SalesParmTable_OnActivated(FormDataSource sender, FormDataSourceEventArgs e)
    {
        if(!IsOkClicked)
        {
            FormDataSource     SalesParmTable_ds     =  sender.formRun().dataSource(formDataSourceStr(SalesEditLines,SalesParmTable )) as FormDataSource;
            FormDataSource     SalesParmUpdate_ds    =  sender.formRun().dataSource(formDataSourceStr(SalesEditLines,SalesParmUpdate)) as FormDataSource;
            SalesParmTable     salesParmTable     =  SalesParmTable_ds.cursor();
            SalesParmUpdate    salesParmUpdate;

            if(salesParmTable)
            {
                select firstonly forupdate salesParmUpdate
                where salesParmUpdate.ParmId == salesParmTable.ParmId;
                SalesTable salesTable = salesTable::find(salesParmTable.SalesId);

                if(salesTable.InterCompanyOrder && salesTable.InterCompanyPurchId)
                {
                    salesParmUpdate.GenerateIntercompanyProductReceipt = NoYes::Yes;
                }
                else
                {
                    salesParmUpdate.GenerateIntercompanyProductReceipt = NoYes::No;
                }
                salesParmUpdate.selectForUpdate();
                ttsbegin;
                salesParmUpdate.update();
                ttscommit;
                SalesParmUpdate_ds.reread();
                SalesParmUpdate_ds.refresh();

            }
        }
        IsOkClicked = false;
    }

]]></Source>
			</Method>
			<Method>
				<Name>OK_OnClicked</Name>
				<Source><![CDATA[
    /// <summary>
    /// OK button click event
    /// </summary>
    /// <param name="sender">Form Control OK</param>
    /// <param name="e">Form event</param>
    [FormControlEventHandler(formControlStr(SalesEditLines, OK), FormControlEventType::Clicked),
     SuppressBPWarning("BPParameterNotUsed", "Parameter required by the event interface")]
    public static void OK_OnClicked(FormControl sender, FormControlEventArgs e)
    {
        IsOkClicked = true;      
    }

]]></Source>
			</Method>
		</Methods>
	</SourceCode>
</AxClass>