<?xml version="1.0" encoding="utf-8"?>
<AxClass xmlns:i="http://www.w3.org/2001/XMLSchema-instance">
	<Name>IntercompanyPRCustPackingSlipJournalEH</Name>
	<SourceCode>
		<Declaration><![CDATA[
/// <summary>
/// This is an Event Handler for CustPackingSlipJournal
/// </summary>
internal final class IntercompanyPRCustPackingSlipJournalEH
{    
}
]]></Declaration>
		<Methods>
			<Method>
				<Name>MenuInterCompany_OnClicked</Name>
				<Source><![CDATA[
    /// <summary>
    /// Click event for Menu Inter Company 
    /// </summary>
    /// <param name="sender">Form control Menu Inter company</param>
    /// <param name="e">Form event</param>
    [FormControlEventHandler(formControlStr(CustPackingSlipJournal, MenuInterCompany), FormControlEventType::Clicked),
     SuppressBPWarning("BPParameterNotUsed", "Parameter required by the event interface")]
    public static void MenuInterCompany_OnClicked(FormControl sender, FormControlEventArgs e)
    {
        SalesParmUpdate salesParmUpdate;       
        FormDataSource  CustPackingSlipJour_ds     =  sender.formRun().dataSource(formDataSourceStr(CustPackingSlipJournal,CustPackingSlipJour)) as FormDataSource;
        CustPackingSlipJour custPackingSlipJour = CustPackingSlipJour_ds.cursor();
        if(custPackingSlipJour)
        {
            salesParmUpdate = SalesParmUpdate::find(custPackingSlipJour.ParmId,false);                   
       
            if(salesParmUpdate && salesParmUpdate.GenerateIntercompanyProductReceipt)
            {
                sender.formRun().design().controlName(formControlStr(CustPackingSlipJournal, buttonInterCompanyUpdate)).enabled(true);
            }
            else
            {
                sender.formRun().design().controlName(formControlStr(CustPackingSlipJournal, buttonInterCompanyUpdate)).enabled(false);
            }
        }
    }

]]></Source>
			</Method>
		</Methods>
	</SourceCode>
</AxClass>