<?xml version="1.0" encoding="utf-8"?>
<AxFormExtension xmlns:i="http://www.w3.org/2001/XMLSchema-instance" xmlns="Microsoft.Dynamics.AX.Metadata.V6">
	<Name>SalesEditLines.IntercompanyPR</Name>
	<ControlModifications />
	<Controls>
		<AxFormExtensionControl xmlns="">
			<Name>FormExtensionControlmdh4uv0l1</Name>
			<FormControl xmlns=""
				i:type="AxFormCheckBoxControl">
				<Name>SalesParamUpdate_GenerateIntercompanyProductReceipt</Name>
				<Type>CheckBox</Type>
				<FormControlExtension
					i:nil="true" />
				<DataField>GenerateIntercompanyProductReceipt</DataField>
				<DataSource>SalesParmUpdate</DataSource>
				<Label>@en_US:GenerateIntercompanyProductReceipt</Label>
			</FormControl>
			<Parent>groupUpdate</Parent>
		</AxFormExtensionControl>
	</Controls>
	<DataSourceModifications />
	<DataSourceReferences />
	<DataSources />
	<Parts />
	<PropertyModifications />
</AxFormExtension>